<Rooms>
  <Room ID="1">
    <ID>1</ID>
    <Name>Haunted Mansion</Name>
    <Desc>Una escape room espeluznante ambientada en una mansión embrujada. Resuelve acertijos y desentraña los misterios para escapar antes de que sea demasiado tarde.</Desc>
    <Diff>Fácil</Diff>
    <Price>$25.99</Price>
    <Secret>Enhorabuena!! Has encontrado la flag UAM{H@s-3xpl0t@d0-Un@-1nY3cc10n-Xp@th!}</Secret>
  </Room>
  <Room ID="2">
    <ID>2</ID>
    <Name>Lost in Space</Name>
    <Desc>Una emocionante aventura de escape room en la que te encuentras varado en el espacio exterior. Trabajen juntos para reparar su nave espacial y regresar a casa.</Desc>
    <Diff>Difícil</Diff>
    <Price>$29.99</Price>
  </Room>
  <Room ID="3">
    <ID>3</ID>
    <Name>Prison Break</Name>
    <Desc>Experimenta la adrenalina de una fuga de prisión. Resuelve acertijos, encuentra pistas ocultas y escapa de una prisión de máxima seguridad.</Desc>
    <Diff>Media</Diff>
    <Price>$22.99</Price>
  </Room>
  <Room ID="4">
    <ID>4</ID>
    <Name>Enchanted Forest</Name>
    <Desc>Adéntrate en un mundo mágico lleno de criaturas encantadas y acertijos místicos. Encuentra el camino de regreso a la realidad antes de quedar atrapado para siempre.</Desc>
    <Diff>Fácil</Diff>
    <Price>$27.99</Price>
  </Room>
  <Room ID="5">
    <ID>5</ID>
    <Name>Treasure Hunt</Name>
    <Desc>Embárcate en una búsqueda épica del tesoro, siguiendo pistas ancestrales y superando obstáculos. ¿Encontrarás las riquezas ocultas?</Desc>
    <Diff>Insana</Diff>
    <Price>$24.99</Price>
  </Room>
  <Room ID="6">
    <ID>6</ID>
    <Name>Secret Agent Mission</Name>
    <Desc>Conviértete en un agente secreto e infíltrate en el escondite del enemigo. Resuelve acertijos, descifra códigos y completa tu misión sin ser detectado.</Desc>
    <Diff>Fácil</Diff>
    <Price>$26.99</Price>
  </Room>
  <Room ID="7">
    <ID>7</ID>
    <Name>Time Travel Adventure</Name>
    <Desc>Viaja a través del tiempo y resuelve misterios históricos. ¿Podrás navegar por el pasado y el futuro para salvar el presente?</Desc>
    <Diff>Media</Diff>
    <Price>$28.99</Price>
  </Room>
  <Room ID="8">
    <ID>8</ID>
    <Name>Alien Encounter</Name>
    <Desc>Enfrenta la vida extraterrestre en esta emocionante escape room. Descubre la verdad sobre la invasión alienígena y encuentra una forma de escapar.</Desc>
    <Diff>Difícl</Diff>
    <Price>$23.99</Price>
  </Room>
</Rooms>
